id_componente;tipo_componente;codigo;nome;unidade_responsavel;ementa;bibliografia;objetivos;conteudo
216;20029;DISCIPLINA;DCA0414;INTRODUCAO A ROBOTICA;DEPARTAMENTO DE ENGENHARIA DE COMPUTACAO E AUTOMACAO;   REPRESENTAÇÃO MATEMÁTICA DE POSIÇÃO E ORIENTAÇÃO. MODELAGEM CINEMÁTICA DE ROBÔS. CINEMÁTICA DIFERENCIAL E ESTÁTICA. MODELAGEM DE OBSTÁCULOS E PLANEJAMENTO DE CAMINHOS. GERAÇÃO DE TRAJETÓRIAS E CONTROLE CINEMÁTICO DE ROBÔS.               ;;1. Robótica: conceitos básicos. 1.1. Robôs manipuladores e Robôs Móveis. 1.2. Histórico. 1.3. Estrutura mecânica de um braço manipulador. 1.4. Hardware de um manipulador robótico. 1.5. Programação de tarefas. 1.6. Modelagem e controle de robôs.2. Cinemática de Robôs. 2.1. Representação de posição e orientação. 2.2. Transformações homogêneas. 2.3. Cinemática direta. 2.4. Cinemática inversa. 3. Cinemática diferencial. 3.1. Representação de velocidade de um corpo rígido. 3.2. Velocidades relativas em referenciais móveis. 3.3. Representação de aceleração de um corpo rígido. 3.4. Acelerações relativas em referenciais móveis. 3.5. Velocidades dos elos de um manipulador. 3.6. Acelerações dos elos de um manipulador. 3.7. Velocidades generalizadas. 3.8. Velocidades de um robô móvel. 3.9. Acelerações de um robô móvel. 3.10. Jacobiano. 3.11. Estática - Relações entre forças e torques no robô. 4. Planejamento de caminhos. 4.1. Modelagem de obstáculos. 4.2. Métodos de planejamento de caminhos5. Controle de robôs. 5.1. Geração de trajetória. . 5.2. Controle cinemático;1. Robótica: conceitos básicos. 1.1. Robôs manipuladores e Robôs Móveis. 1.2. Histórico. 1.3. Estrutura mecânica de um braço manipulador. 1.4. Hardware de um manipulador robótico. 1.5. Programação de tarefas. 1.6. Modelagem e controle de robôs.2. Cinemática de Robôs. 2.1. Representação de posição e orientação. 2.2. Transformações homogêneas. 2.3. Cinemática direta. 2.4. Cinemática inversa. 3. Cinemática diferencial. 3.1. Representação de velocidade de um corpo rígido. 3.2. Velocidades relativas em referenciais móveis. 3.3. Representação de aceleração de um corpo rígido. 3.4. Acelerações relativas em referenciais móveis. 3.5. Velocidades dos elos de um manipulador. 3.6. Acelerações dos elos de um manipulador. 3.7. Velocidades generalizadas. 3.8. Velocidades de um robô móvel. 3.9. Acelerações de um robô móvel. 3.10. Jacobiano. 3.11. Estática - Relações entre forças e torques no robô. 4. Planejamento de caminhos. 4.1. Modelagem de obstáculos. 4.2. Métodos de planejamento de caminhos5. Controle de robôs. 5.1. Geração de trajetória. . 5.2. Controle cinemático
11004;40107;DISCIPLINA;DCA0103;ANALISE DE SINAIS E SISTEMAS;DEPARTAMENTO DE ENGENHARIA DE COMPUTACAO E AUTOMACAO;Introdução aos sinais e sistemas lineares. Equações diferenciais ordinárias. Variáveis de estado. Trans-formada de Laplace. Série e Transformada de Fourier. Amostragem e reconstrução de sinais contí-nuos. Equações a diferenças. Transformada Z. Transformada discreta de Fourier. Transformada rápida de Fourier.;;Após a conclusão da disciplina, o aluno deverá ser capaz de utilizar técnicas de análise de sinais de sinais e de sistemas lineares e invariantes no tempo para resolver problemas de Engenharia.;Introdução Definições Classificação de sinais Operações básicas Sinais elementares Classificação de sistemas Representação de sistemas invariantes no tempo Função Resposta ao Impulso Equações diferenciais Diagramas de bloco Variáveis de estado Representação de Fourier de sinais Série de Fourier Transformada de Fourier Série Discreta de Fourier Transformada Discreta de Fourier Representação matemática de sistemas Transformada de Laplace Amostragem e reconstrução de sinais contínuos no tempo Transformada z. 
11005;40108;DISCIPLINA;DCA0104;ARQUITETURA DE COMPUTADORES;DEPARTAMENTO DE ENGENHARIA DE COMPUTACAO E AUTOMACAO;Introdução à arquitetura de computadores. Arquitetura multinível, tradução e interpretação, montagem, ligação e carga. Evolução das arquiteturas de computadores. Conjunto de Instruções: tipos, formatos, modos de endereçamento, controle de fluxo. Estrutura e Funcionamento da CPU: caminho de dados, unidade de controle, microprogramação. Pipeline, Paralelismo em nível de instrução. Hierarquia de memórias: memória principal, memória cache, memória virtual. Entrada e Saída: barramentos, E/S mapeada em memória, interrupções, DMA. Multiprogramação. Paralelismo em nível de processador.;;Evolução das arquiteturas de computadores. Componentes fundamentais de sistemas de computadores. Microprocessadores e barramentos. Interfaceamento. Microprogramação: controle de registradores, microarquitetura, macroarquitetura. Linguagem de máquina. Programação Assembly. ;Introdução Arquitetura de Computadores Evolução Histórica da Arquitetura de Computadores Organização de Sistemas de Computadores Processadores Memória Entrada/Saída Nível de Linguagem de Máquina Formatos de Instruções Endereçamento Tipos de Instruções Fluxo de Controle Nível de Lógica Digital Circuitos Básicos de Lógica Digital Memórias ULA Unidade de Controle Microprocessadores Barramentos Interfaceamento Nível de Microprogramação Controle de Registradores Microarquitetura Macroarquitetura Microprogramação Nível de Sistema Operacional Memória Virtual Instruções de Entrada/Saída Virtual Processamento Paralelo Nível de Linguagem de Montagem Montadores Macros Ligação 
11006;40109;DISCIPLINA;DCA0105;TEORIA DE CIRCUITOS;DEPARTAMENTO DE ENGENHARIA DE COMPUTACAO E AUTOMACAO;Classificação e componentes de circuitos. Leis de Kirchoff. Equações de malha e de nós. Diagramas de blocos e de fluxo de sinal. Análise de circuitos. Modelagem de circuitos por equações de estado. Resposta em freqüência.;;Classificação dos circuitos. Componentes de circuitos. Leis de Kirchoff. Equações de malha e de nós. Diagramas de blocos e de fluxo de sinal. Análise de circuitos. Modelagem de circuitos por equações de estado. Resposta em freqüência. Filtros. ;"Introdução Grandezas de circuitos elétricos: tensão, corrente e potência; potência instantânea, potên-cia média e energia. Tipos de circuito e elementos de circuito; relações tensão-corrente nos elementos de circuito Leis de Kirchhoff Divisão de tensão e de corrente Resolução de circuitos resistivos simples Técnicas para análise de circuitos - Redes resistivas Equações de malha e nodais Transformações de fontes Linearidade e superposição Teoremas de Thévenin e de Norton Introdução à teoria dos grafos: aplicação à análise de circuitos Circuitos de 1a ordem Resposta à entrada zero - resposta livre Circuito R-C Circuito R-L Resposta ao estado zero - resposta forçada Entrada de corrente constante Entrada senoidal Resposta completa: transitória e de regime permanente Resposta-degrau e resposta-impulso Equações de estado Circuitos lineares invariantes no tempo O conceito de estado Equações de estado para circuitos lineares invariantes no tempo Uso da transformada na análise de circuitos O Circuito Transformado Teoremas de Thévenin e de Norton A função de sistema Respostas degrau e impulso Ressonância Ressonância paralela Ressonância série Outras formas ressonantes Resposta em freqüência Resposta de amplitude Resposta de fase Curvas de Bode Elementos da teoria da realizabilidade Causalidade e estabilidade Polinômios de Hurwitz Funções reais positivas Procedimentos de síntese elementar Síntese de circuitos bipolares com dois tipos de elementos Propriedades de funções de imitância L-C Síntese de imitâncias L-C Propriedades de impedâncias R-C Síntese de impedâncias R-C ou admitâncias R-L Propriedades de impedâncias R-L e de admitâncias R-C Síntese de algumas funções R-L-C Síntese de funções de transferência Propriedades de funções de transferência Zeros de transmissão Síntese de Y21 e de Z21 com uma terminação de 1 W. Síntese de circuitos de resistência constante"
11011;40114;DISCIPLINA;DCA0110;MODELAGEM E ANALISE DE SISTEMAS DINAMICOS;DEPARTAMENTO DE ENGENHARIA DE COMPUTACAO E AUTOMACAO;Aspectos gerais da teoria de controle. Linearização em torno de um ponto de operação. Sistemas a-mostrados. Equivalência entre sistemas dinâmicos. Modelagem de sistemas dinâmicos: mecânicos, elétricos, eletromecânicos, fluídicos e térmicos. Simulação e análise por computador analógico e digi-tal. Análise de estabilidade: Routh-Hurwitz e Nyquist. Desempenho transitório de sistemas de primeira e segunda ordem. Desempenho em regime permanente.;;Aspectos gerais da teoria de controle. Linearização em torno de um ponto de operação. Sistemas amostrados. Equivalência entre sistemas dinâmicos. Modelagem de sistemas dinâmicos: mecânicos, elétricos, eletromecânicos, fluídicos e térmicos. Simulação e análise por computador analógico e digital. Análise de estabilidade: Routh-Hurwitz e Nyquist. Desempenho transitório de sistemas de primeira e segunda ordem. Desempenho em regime permanente. ;"Introdução aos problemas de controle. Nomenclatura, componentes e exemplos de sistemas de controle. Classificação de sistemas: lineares e não-lineares, monovariáveis e multivariáveis, contínuos e discretos, variantes e invariantes no tempo, a parâmetros concentrados e distribuídos, determinísticos e estocásticos. Revisão de modelos matemáticos contínuos de sistemas: equações diferenciais; funções de transferência contínuas; variáveis de estado contínuas; conversão entre modelos. Linearização de sistemas não-lineares. Diagramas de blocos e de fluxo de sinal: simplificação de diagramas de blocos; fórmula de Mason. Revisão de modelos matemáticos discretos de sistemas: equações de diferenças; funções de transferência discretas; variáveis de estado discretas; conversão entre modelos. Sistemas amostrados: amostragem de sistemas contínuos, propriedades. Simulação de sistemas. Simulação numérica: definições; aplicativos. Simulação analógica: amplificadores operacionais, computação analógica, implementação de funções de transferência. Modelagem matemática de sistemas físicos: elétricos, mecânicos, eletromecânicos, fluídicos e térmicos. Equivalências entre sistemas físicos. Propriedades dos sistemas. Estabilidade: critérios de Routh-Hurwitz e de Jury. Controlabilidade e observabilidade: sistemas contínuos e discretos. Aspectos de análise de sistemas. Erro estacionário: sistemas contínuos e discretos. Resposta transitória: sistemas de primeira e segunda ordem; redução de ordem para sistemas de ordem superior. "
11019;40122;DISCIPLINA;DCA0118;PROCESSAMENTO DIGITAL DE SINAIS;DEPARTAMENTO DE ENGENHARIA DE COMPUTACAO E AUTOMACAO;Introdução: Sinais discretos no tempo. Transformada discreta de Fourier. Transformada rápida de Fou-rier (algoritmos FFT por decimação no tempo e em freqüência). Filtros digitais de resposta impulsiva infinita. Filtros digitais de resposta impulsiva finita. Filtros Adaptativos. Aplicações.;;Introdução: Sinais discretos no tempo. Transformada discreta de Fourier. Transformada rápida de Fourier ( algoritmos FFT por decimação no tempo e em freqüência). Filtros digitais de resposta impulsiva infinita. Filtros digitais de resposta impulsiva finita. Filtros Adaptativos. Aplicações. ;Sinais e Seqüências Discretas       Sinais discretos       Seqüências especiais       Análise de sistemas: Linearidade, Passividade, Recíproco, Causalidade, Propriedades derivativas, Modelos ideais. 3. Série de Fourier e Transformada de Fourier      Série de Fourier       Série de Fourier como um caso especial da integral de Fourier       Integral de Fourier       A transformada inversa de Fourier       Propriedades da transformada de Fourier       Convolução linear       Teoria da amostragem       Conversão analógico-digital e digital-analógico 4. Transformada Z      Análise da Transformada Z       Regiões de convergência       A transformada Z inversa       Cálculo da transforrmada Z inversa: Séries de potência e expansão em frações parciais       Teoremas e propriedades da transformada Z       Relação de Parseval 5. Análise de Sistemas Lineares Invariantes e Filtragem Linear      Resposta em freqüência       Sistemas particulares: inversos, passa-tudo e fase mínima       Filtros discretos: IIR e FIR 6. A transformada discreta de FourierDesenvolvimento teórico e gráfico A transformada de Fourier discreta inversa Relacionamento entre a transformada de Fourier discreta e contínua Propriedades da transformada de Fourier discreta Convolução discreta Relacionamento entre a convolução discreta e contínua   Teorema da convolução discreta   Correlação discreta   Algoritmos da FFT   Transformada de Fourier dependente do tempo 7. Intrdução a Transformada WaveletsAnálise de multiresolução Transformada wavelet Banco de Filtros Algoritmo em árvore 8. AplicaçõesConversão analógico-digital e digital-analógico Projetos de filtros discretos Compressão de sinais Uso de computação paralela em processamento digital de sinais 
11695;41439;MÓDULO;MEC1505;CAD PARA ENGENHARIA I;DEPARTAMENTO DE ENGENHARIA MECANICA;Vistas Auxiliares (vistas parciais, auxiliares e interrompidas), cortes e seções (introdução ao conceito e representação, corte total, corte total com desvio, corte parcial e meio corte, seções, elementos não cortados), cotagem (introdução à cotagem, elementos e critérios para cotagem, cotagem de características de forma, cotagem de características de posição, representações especiais), introdução às tecnologias CAx (histórico e evolução dos sistemas CAD/CAE/CAM, integração dos sistemas CAD/CAE/CAM, transformações geométricas, modelagem com técnicas CSG e B-Rep, sistemas paramétricos, features, modelagem de superfícies, padrões de trocas de dados entre sistemas CAD, criação de projeções ortogonais baseado em modelo geométrico), introdução à prototipagem rápida (introdução e aplicação da prototipagem rápida, técnicas de prototipagem, procedimentos para prototipagem, benefícios e limitações da prototipagem rápida).;;Fornecer aos estudantes de Engenharia conhecimentos básicos de desenho, modelagem e projeto auxiliado por computador (CAD). O foco é a capacitação discente para elaboração e leitura de desenho técnico baseado na utilização de normas técnicas e de ferramentas computacionais de projeto aplicados à Engenharia Mecânica. No aprendizado dos princípios básicos da teoria, em geral, serão abordados temas envolvendo elementos de máquinas e equipamentos da área de Engenharia Mecânica.;1- Apresentação do professor, dos estudantes, do programa e dos critérios de avaliação2- Fundamentos do Desenho Técnico3- Vistas auxiliares e detalhes ampliados4- Cortes e Seções5- Cotagem6- Fundamentos dos sistemas CAD7- Aplicação de equações paramétricas8- Transformações Geométricas9- Técnicas de Modelagem CSG e B-Rep10- Modelagem de Superfícies11- Criação de Projeções Ortogonais em Múltiplas Vistas12- Aplicação da Cotagem em sistemas CAD13- Aplicação de ajustes14- Aplicação de estados de superfície15- Padrões de troca de informações entre sistemas CAx16- Introdução às Técnicas de Prototipagem Rápida
14702;46637;DISCIPLINA;ELE0701;ELETRÔNICA;DEPARTAMENTO DE ENGENHARIA ELÉTRICA;Circuitos analógicos a diodo. Amplificadores a transistores. Amplificadores de potência. Amplificadores diferenciais. Espelhos de corrente. Amplificadores realimentados. Amplificadores operacionais. Amplificadores de tensão com amplificadores operacionais. Circuitos lineares a amplificadores operacionais. Circuitos não lineares a amplificadores operacionais. Chaves analógicas e circuitos sample-and-hold. Circuitos osciladores e misturadores. Filtros ativos. Amplificadores sintonizados. Ruído em circuitos eletrônicos. Projeto e implementação de circuitos eletrônicos.;;Familiarizar o aluno com os sistemas de numeração mais utilizados em sistemas digitais. Utilizar os conhecimentos da álgebra de Boole e técnicas de minimização na análise e projeto de circuitos combinacionais (codificadores/decodificadores, mux/demux, comparadores,  circuitos aritméticos etc). Analisar os subsistemas combinacionais integrados (MSI) e suas aplicações.  Estudar as unidades básicas de armazenamento (Flip-Flops e Latches) e introduzir o aluno ao projeto e à  análise de circuitos sequenciais discretos e MSI (contadores, registradores de deslocamento etc). Possibilitar, através de montagens experimentais, a consolidação dos conceitos teóricos expostos em sala de aula.;Introdução aos circuitos digitais. Sistemas numéricos e códigos. Álgebra booleana. Funções e portas lógicas. Análise e síntese de circuitos combinacionais. Circuitos combinacionais integrados. Descrição por hdl. Unidades lógicas e aritméticas. Dispositivos lógicos programáveis. Dispositivos de memória. Análise e síntese de circuitos seqüenciais.
14746;46683;DISCIPLINA;DCA0206;SISTEMAS DE CONTROLE;DEPARTAMENTO DE ENGENHARIA DE COMPUTACAO E AUTOMACAO;Introdução aos problemas de controle. Método do Lugar Geométrico das Raízes. Controladores PID e Avanço-Atraso. Aproximação digital de Funções de Transferência contínuas. Implementação de con-troladores digitais. Projeto de controladores utilizando o Lugar Geométrico das Raízes. Projeto de sis-temas de controle usando o Espaço de Estados. Projeto de controladores digitais. Noções de controle adaptativo.;;Proporcionar ao estudante de Engenharia de Computação o conhecimento das técnicas fundamentais para análise e projeto de sistemas de controle automático, capacitando-o no que diz respeito aos aspectos teóricos e prática da utilização de tais técnicas.;1.        Introdução aos problemas de controle2.        Controladores Industriais Típicos3.        Método do Lugar Geométrico das Raízes        Conceito, Regras para traçado, Aplicações.4.        Controladores PID5.        Aproximação digital de Funções de Transferência contínuas        Métodos Forward, Backward e Bilinear, Método da invariância ao degrau.6.        Implementação de controladores digitais        Aspectos operacionais e numéricos, Pré-filtragem e atraso computacional, Realização de controladores digitais.7.        Projeto de controladores P-I-D utilizando o Lugar Geométrico das Raízes8.        Projeto de sistemas de controle usando o Espaço de Estados        Realimentação de estado, Observadores de estado de ordem completa, Realimentação com observação de estado, Seguidores de referência.9.        Introdução ao Controle Ótimo
15023;47001;DISCIPLINA;MEC1834;INTRODUÇÃO  AOS ELEMENTOS DE MÁQUINAS;DEPARTAMENTO DE ENGENHARIA MECANICA;Denição, Seleção e Requisitos de Projeto. Elementos de União: Parafusos, Rebites eSolda. Ganchos. Molas. Chavetas. Mancais de Rolamento. Tipos de Engrenagens,polias, cabos de aço, correias, Transmissão por correntes e correias. Acoplamentos.Embreagens. Freios. Aplicações dos elementos de máquinas.;;O aluno deverá ser capaz de denição, Seleção e Requisitos de Projeto. Elementos de União: Parafusos, Rebites e Solda. Ganchos. Molas. Chavetas. Mancais de Rolamento. Tipos de Engrenagens, polias, cabos de aço, correias, Transmissão por correntes e correias. Acoplamentos. Embreagens. Freios. Aplicações dos elementos de máquinas.;Denição, Seleção e Requisitos de Projeto. Elementos de União: Parafusos, Rebites e Solda. Ganchos. Molas. Chavetas. Mancais de Rolamento. Tipos de Engrenagens, polias, cabos de aço, correias, Transmissão por correntes e correias. Acoplamentos. Embreagens. Freios. Aplicações dos elementos de máquinas.
15025;47003;DISCIPLINA;MEC1612;INTRODUÇÃO AOS PROCESSOS DE FABRICAÇÃO MECÂNICA;DEPARTAMENTO DE ENGENHARIA MECANICA;"Generalidades sobre fabricação de peças metálicas: Fundamentos da conformaçãomecânica. Laminação. Extrusão. Trelação. Forjamento. Estampagem de metais;Processos de fundição, Usinagem, Furação, Alargamento, Fresamento, Aplainamento,Brochamento, Soldagem, Prototipagem Rápida.";;Conhecer os processos de fabricação de peças metálicas;"Generalidades sobre fabricação de peças metálicas: Fundamentos da conformação mecânica. Laminação. Extrusão. Trelação. Forjamento. Estampagem de metais; Processos de fundição, Usinagem, Furação, Alargamento, Fresamento, Aplainamento, Brochamento, Soldagem, Prototipagem Rápida."
16133;48593;ATIVIDADE;BCT0001;ATIVIDADE COMPLEMENTAR;COORDENAÇÃO DO CURSO DE CIÊNCIAS E TECNOLOGIA;Atividades complementares à formação do bacharel em C&T;;;
22784;57561;DISCIPLINA;ELE1715;CIRCUITOS DIGITAIS;DEPARTAMENTO DE ENGENHARIA ELÉTRICA;INTRODUÇÃO AOS CIRCUITOS DIGITAIS, SISTEMAS NUMÉRICOS E CÓDIGOS, ÁLGEBRA BOLEANA, FUNÇÕES E PORTAS LÓGICAS, ANÁLISE E SÍNTESE DE CIRCUITOS COMBINACIONAIS E SEQUENCIAIS, MÁQUINAS DE ESTADOS DE BAIXO E ALTO NÍVEIS, PROJETO POR TRANSFERÊNCIA DE REGISTRADORES (RTL), MEMÓRIAS, PROJETO POR LINGUAGEM DE DESCRIÇÃO DE HARDWARE (HDL) E PROJETO UTILIZANDO DISPOSITIVOS LÓGICOS PROGRAMÁVEIS. ;;Familiarizar o aluno com os sistemas de numeração mais utilizados em sistemas digitais. Utilizar os conhecimentos da álgebra de Boole e técnicas de minimização na análise e projeto de circuitos combinacionais (codificadores/decodificadores, mux/demux, comparadores, circuitos aritméticos etc). Analisar os subsistemas combinacionais integrados (MSI) e suas aplicações. Estudar as unidades básicas de armazenamento (Flip-Flops e Latches). Introduzir o aluno ao projeto e à análise de circuitos sequenciais discretos e MSI (contadores, registradores de deslocamento etc). Introduzir o conceito de projeto por transferência de registradores e introduzir o aluno em Linguagem de descrição de Hardware.;Introdução aos circuitos digitais, sistemas de numeração e códigos mais utilizados em sistemas digitais, álgebra booleana, funcões e portas lógicas, análise e síntese de circuitos combinacionais, circuitos integrados, descrição por HDL, unidades lógicas e aritmétricas, dispositivos lógicos programáveis, dispositivos de memória, análise e síntese de circuitos sequenciais e, por fim, projeto em nível de transferência de registradores.
22785;57562;DISCIPLINA;ELE1717;SISTEMAS DIGITAIS;DEPARTAMENTO DE ENGENHARIA ELÉTRICA;INTRODUÇÃO AOS MICROPROCESSADORES, MICROARQUITETURA DE PROCESSADORES DIGITAIS, LINGUAGEM DE DESCRIÇÃO DE HARDWARE. PROJETO E APLICAÇÃO DE PROCESSADORES DIGITAIS BASEADOS EM DISPOSITIVOS LÓGICOS PROGRAMÁVEIS E FPGAs. ARQUITETURA BÁSICA, REGISTRADORES DE FUNÇÕES, CONJUNTO DE INSTRUÇÕES, INTERFACES, PERIFÉRICOS, INTERRUPÇÕES, TEMPORIZADORES, CONTADORES E APLICAÇÕES PRÁTICAS DE MICROCONTROLADORES. PROGRAMAÇÃO ASSEMBLER, AMBIENTES DE DESENVOLVIMENTO E PROJETO DE SISTEMAS MICROCONTROLADOS. ;;Complementar o estudo básico de sistemas digitais.Desenvolver técnicas de projeto de sistemas seqüências síncronos.Projetar sistemas digitais a nível de transferência de registros.Introduzir os conceitos básicos de Microcomputadores e microprocessadores.Projetar e implementar em PLD Microcontroladores Digitais.Introduzir o estudo de Linguagens de Descrição de Hardware.;"Linguagem de Descrição de Hardware (VHDL); Metodologia estruturada de projeto de sistemas digitais; Projeto de controladores digitais (MdE); Operadores digitais (datapath components); Projeto de sistemas digitais a nível de transferência de registros (RTL design); Técnicas de Otimização de projetos; Projeto baseado em dispositivos lógicos programáveis. Introdução aos microcomputadores e microprocessadores. Projeto de microprocessadores digitais."
22803;57586;MÓDULO;ECT2101;PRÉ-CÁLCULO;ESCOLA DE CIÊNCIAS E TECNOLOGIA;Números reais. Operações aritméticas. Números complexos. Teoria geral de funções. Funções polinomiais. Função modular. Funções exponenciais e funções logarítmicas. Trigonometria e funções trigonométricas.;;"&#8722; Revisar e proporcionar maior compreensão de alguns conteúdos da Matemática vistos no Ensino Médio.&#8722; Apresentar com uma abordagem voltada ao Ensino Superior alguns conceitos importantes como funções, gráficos e trigonometria.&#8722; Capacitar o aluno a entender e utilizar adequadamente conceitos e propriedades das funções polinomiais, modulares, exponenciais, logarítmicas e trigonométricas.&#8722; Estimular o raciocínio matemático e oferecer aos alunos ingressantes ferramentas básicas que serão aplicadas em outras disciplinas.";1. Números reais1.1 Representação fracionária e decimal. 1.2 Operações aritméticas com números reais (adição, subtração, multiplicação, divisão) na forma fracionária e decimal.1.3 Potenciação e radiciação.1.4 Ordem na reta e notação de intervalos1.5 Potências e Raízes2. Polinômios 2.1 Definição2.2 Operações com polinômios2.3 Raízes2.4 Produtos Notáveis3. Funções3.1 Definição. Domínio, contra domínio e imagem. 3.2 Plano cartesiano e gráficos3.3 Igualdade de funções4. Função do Primeiro Grau4.1 Função constante. Função identidade. Função linear. Função afim.4.2 Coeficiente da função afim. Raiz da função afim. 4.3 Função crescente e decrescente. 4.4 Sinal da função. Inequações.5. Função do Segundo Grau5.1 Definição. 5.2 Gráfico. Concavidade. Forma canônica5.3 Raizes. Máximo e mínimo. Vértice da parábola. Imagem. 5.4 Sinal da função. Inequações6. Função Modular6.1 Definição, domínio e Imagem6.2 Gráficos de funções modulares6.3 Equações e inequações modulares7. Função Composta e Inversa7.1 Função composta. 7.2 Função sobrejetora. Função injetora. Função bijetora7.3 Função inversa8. Funções Exponenciais8.1 Definição. Propriedades. Imagem. Gráfico8.2 Equações Exponenciais 8.3 Inequações Exponenciais9. Funções Logarítmicas9.1 Logaritmos e propriedades dos logaritmos 9.2  Definição de função logarítmica. Propriedades. Imagem. Gráfico9.3 Equações Logaritmicas9.4 Equações exponenciais e logarítmicas10. Trigonometria e Funções Trigonométricas10.1 Noções de trigonometria 10.2 Relações fundamentais10.3 Funções trigonométricas10.4 Funções trigonométricas inversas10.5 Gráfico das funções trigonométricas e trigonométricas inversas11. Números Complexos11.1 Definição e representação algébrica11.2 Igualdade e conjugado de um número complexo11.3 Operações com complexos11.4 Representação trigonométrica 11.5 Fórmula de Euler
22804;57587;MÓDULO;ECT2103;CÁLCULO I;ESCOLA DE CIÊNCIAS E TECNOLOGIA;Limites e continuidade. Derivada. Aplicações da Derivada. Integral Indefinida. Técnicas de integração.;;- Introduzir e capacitar o aluno a entender e utilizar adequadamente os conceitos e propriedades fundamentais de limite, continuidade e derivada.- Enfatizar algumas aplicações da derivada.- Introduzir o conceito de integral indefinida e trabalhar diversas técnicas de integração. ;1. Limites1.1 Definição. Limites laterais.1.2 Propriedades operacionais. Limite de funções.1.3 Limites envolvendo o infinito. Assíntotas.1.4 Teorema do confronto.1.5 Limites fundamentais.2. Continuidade de uma função2.1 Continuidade em um ponto.2.2 Definição de função contínua.2.3 Teste de continuidade.2.4 Propriedades das funções contínuas.3. Derivadas3.1 Definição e interpretações.3.2 Regras de derivação.3.3 Derivadas de funções elementares.3.4 Regra da cadeia e derivada da função inversa.3.5 Derivadas de ordem superior.3.6 Equações parametrizadas. Curvas. Derivação implícita.3.7 Diferencial da função de uma variável.4. Aplicação da Derivada4.1 Crescimento, decrescimento e concavidade.4.2 Extremo de funções. Máximos e mínimos, absolutos e relativos.4.3 Regras de L'Hospital.4.4 Construções de gráficos.4.5 Aproximação polinomial. Fórmula de Taylor.4.6 Teorema do valor médio.5. Integral Indefinida5.1 Definição e propriedades.5.2 Integrais imediatas.5.3 Integral por substituição.5.4 Integral por partes.5.5 Integral por frações parciais.5.6 Integral por substituições trigonométricas
22805;57588;MÓDULO;ECT2201;CÁLCULO II;ESCOLA DE CIÊNCIAS E TECNOLOGIA;Integral definida. Aplicações da integral. Funções Vetoriais. Funções de Várias Variáveis.;;- Introduzir o conceito de integral definida bem como suas aplicações.- Introduzir conceitos e aplicações de funções vetoriais.- Apresentar as noções de diferenciação para funções de várias variáveis.- Aprimorar os conceitos e técnicas do cálculo integral e suas aplicações na resolução de problemas em Matemática e outras áreas do conhecimento.;1. Integral Definida1.1 Definição e interpretação geométrica.1.2 Integral de Riemann.1.3 Teorema fundamental do cálculo.1.4 Técnicas de resolução (adaptação) para integrais definidas.1.5 Integrais impróprias.2. Aplicações da integral2.1 Volumes por fatiamento e rotação em torno de um eixo.2.2 Volumes por cascas finitas.2.3 Comprimento de curvas planas.2.4 Áreas de superfícies de revolução.3. Funções Vetoriais.3.1 Coordenadas retangulares no espaço.3.1.1 Representação paramétrica de curvas.3.1.2 Derivadas e integrais de funções vetoriais.3.1.3 Comprimento de curvas e vetor tangente.3.1.4 Curvatura e vetor unitário.3.2 Coordenadas polares.3.2.1 Transformações de coordenadas.3.2.2 Representação paramétrica de curvas.3.3 Coordenadas cilíndricas.3.3.1 Transformações de coordenadas.3.3.2 Representação paramétrica de curvas e superfícies.4. Funções de Várias Variáveis. 4.1 Domínio. Imagem. Gráficos.4.2 Limites e continuidade.4.3 Derivadas parciais.4.4 Diferenciabilidade e plano tangente.4.5 Regra da Cadeia.4.6 Derivadas direcionais.4.6.1 Gradiente.4.6.2 Representação gráfica.4.7 Valores extremos.4.8 Multiplicadores de Lagrange.4.9 Fórmula de Taylor para duas variáveis
22806;57589;MÓDULO;ECT2202;ÁLGEBRA LINEAR;ESCOLA DE CIÊNCIAS E TECNOLOGIA;Espaços Vetoriais. Espaços com Produto Interno. Autovalores e Autovetores. Transformações Lineares. FormasQuadráticas, Seções Cônicas e Superfícies.;;- Apresentar a linguagem e os principais conceitos da Álgebra Linear.- Capacitar o estudante a entender e utilizar adequadamente os conceitos e propriedades de espaços vetoriais, espaços com produto interno, autovalores e autovetores e transformações lineares.- Aprimorar a capacidade do aluno aplicar apropriadamente os conceitos vistos em outras disciplinas.;1. Espaços Vetoriais 1.1 Definição 1.2 Subespaços1.3 Dependência Linear1.4 Base. Dimensão1.5 Noções de Transformações Lineares2. Espaços com Produto Interno2.1 Produtos Internos2.2 Ortogonalidade2.3 Bases Ortonormais2.4 Processo de Gram-Schmidt2.5 Decomposição QR2.6 Mínimos Quadrados2.7 Matrizes Ortogonais2.8 Mudança de Bases3. Autovalores e Autovetores3.1 Autovalores e Autovetores3.2 Diagonalização de Matrizes4. Transformações Lineares4.1 Definição4.2 Núcleo e Imagem4.3 Transformação Inversa4.4 Transformações Lineares e Matrizes4.5 Transformações Lineares e Geometria do R2.4.6 Semelhança de Matrizes4.7 Aplicação5. Formas Quadráticas, Seções Cônicas e Superfícies5.1 Formas Quadráticas5.2 Diagonalização de formas Quadráticas5.3 Seções Cônicas5.4 Superfícies5.5 Aplicação
22807;57590;MÓDULO;ECT2301;CÁLCULO III;ESCOLA DE CIÊNCIAS E TECNOLOGIA;Integrais Múltiplas. Cálculo Vetorial e Campos Vetoriais. Séries e Sequências.;;- Apresentar e aprimorar conceitos e técnicas do cálculo integral e suas aplicações na resolução de integrais múltiplas.- Apresentar e aprimorar conceitos do cálculo vetorial e enfatizar aplicações físicas.- Desenvolver os conceitos e técnicas de sequências e séries.;1. Integrais Múltiplas1.1 Integrais duplas.1.2 Áreas, momentos e centros de massa.1.3 Integrais iteradas.1.4 Mudança de variáveis em integrais duplas.1.5 Integrais Triplas.1.6 Massas e momentos em três dimensões.1.7 Mudança de variáveis em integrais triplas.2. Cálculo Vetorial e Campos Vetoriais2.1 Campos vetoriais.2.1.1 Trabalho. Circulação. Fluxos.2.2 Integrais de linha.2.2.1 Independência do caminho.2.2.2 Campos conservativos.2.3 Teorema de Green2.4 Integrais de Superfície.2.4.1 Superfícies parametrizadas e fluxos2.5 Teorema da Divergência.2.6 Equação de Gauss e equação da continuidade.2.7 Teorema de Stokes2.8 Interpretações físicas.3. Sequências e Séries.3.1 Sequências.3.1.1 Termo geral de uma sequência.3.2 Séries infinitas.3.2.1 Somas parciais3.3 Testes de convergência.3.3.1 Teste da condição necessária3.3.2 Teste da integral. P-séries. Série harmônica.3.3.3 Teste da comparação.3.3.4 Teste da razão.3.3.5 1Teste da raiz.3.3.6 Teste da comparação no limite.3.4 Avaliação numérica da convergência de séries.3.5 Séries alternadas.3.5.1 Teste de Liebnz.3.5.2 Convergência absoluta e condicional.3.6 Séries de potência.3.6.1 Série de Taylor.3.6.2 Série de Maclaurin.3.6.3 Raio de convergência para séries de potência.3.7 Aplicações de séries.
22808;57591;MÓDULO;ECT2207;PROBABILIDADE E ESTATÍSTICA;ESCOLA DE CIÊNCIAS E TECNOLOGIA;Estatística Descritiva. Probabilidade. Principais Distribuições de Probabilidade. Intervalos de Confiança. Testes deHipóteses.;;- Capacitar o estudante a utilizar os conceitos e fundamentos da probabilidade.- Aplicar conceitos estatísticos na resolução de problemas, identificar situações-problemas onde as ferramentas da probabilidade/estatística seriam aplicáveis.- Fazer uso adequado destas ferramentas e conhecimentos na resolução destas situações-problemas.;1. Estatística Descritiva. 1.1. Natureza e campo da estatística.1.2. O método estatístico.1.3. Estatística descritiva.1.3.1. Medidas de tendência central e dispersão.1.4. Representação tabular e gráfica de dados.2. Probabilidade. 2.1. Experimentos aleatórios.2.2. Espaço amostral.2.3. Eventos.2.4. Princípio fundamental da contagem.2.5. Probabilidade.2.6. Definições clássica e axiomática de probabilidade. 2.6. Probabilidade condicional.2.7. Teorema do produto, da probabilidade total e de Bayes.2.8. Eventos independentes.3. Principais Distribuições de Probabilidade. 3.1. A função de probabilidades.3.1.1. Média, variância e desvio padrão para variáveis aleatórias discretas.3.2. Propriedades da média e da variância.3.3. Distribuições de Bernoulli e Binomial.3.4. Distribuição de Poisson.3.5. Variáveis aleatórias contínuas. 3.5.1. Densidade. 3.5.2. Média e variância.3.6. Distribuições uniforme e exponencial.3.7. A distribuição normal.4. Intervalos de Confiança. 4.1. População e amostras. Estatísticas. Parâmetros.4.1.1 Estatísticas especiais: a média amostral, a proporção amostral e sua distribuição. 4.2. Intervalo de confiança para a média  desvio-padrão populacional conhecido.4.3. Intervalo de confiança para a média  desvio-padrão populacional desconhecido.4.4. Intervalo de confiança para a proporção.5. Testes de Hipóteses. 5.1. Definição. Classificação.5.2. Erros tipo I e II.5.3. Testes para a média.5.4. Testes para a proporção.
22809;57592;MÓDULO;ECT2204;INTRODUÇÃO À FÍSICA CLÁSSICA I;ESCOLA DE CIÊNCIAS E TECNOLOGIA;Medições e unidades. Cinemática. Dinâmica de uma partícula. Trabalho e energia. Energia potencial. Dinâmica deum sistema de partículas. Dinâmica de um corpo rígido.;;1) Desenvolver uma visão crítica na elaboração e resolução de problemas em mecânica newtoniana básica.2) Dominar ferramentas matemáticas e aplicá-las à solução de problemas em mecânica.3) Estabelecer vínculos interdisciplinares a serem aplicados em problemas e situações práticas que visam a formação de bacharel em Ciências e Tecnologia.;"1. Introdução.Medições e unidades.O que é física?Os ramos clássicos da físicaNossa concepção do UniversoAs relações da física com as outras ciênciasO método experimentalMedidasGrandezas fundamentais e unidadesPrecisão e exatidão2. Vetores.2.1 Conceito e exemplos de vetor. Sistema de coordenadas tridimensional.2.2 Cálculo de distâncias no espaço.2.3 Operações com vetores.2.4 Vetor deslocamento, velocidade e força. 3. Cinemática.Movimento retilíneo: velocidadeMovimento retilíneo: aceleraçãoRepresentação vetorial da velocidade e da aceleração no movimento retilíneoMovimento curvilíneo: velocidadeMovimento curvilíneo: aceleraçãoMovimento com aceleração constanteComponentes tangencial e normal da aceleraçãoMovimento circular: velocidade angularMovimento circular: aceleração angularMovimento geral em um plano 4. Dinâmica de uma partícula.Lei da inérciaMomento linearO princípio da conservação do momento linearRedefinição de massaA segunda e a terceira lei de Newton; conceito de forçaUnidades de forçaForças de atritoSistemas com massa variávelMovimento curvilíneoMomento angularForças centraisEquilíbrio e repouso5. Trabalho e energia. Energia cinéticaTrabalhoEnergia potencialPotênciaUnidades de trabalho e potênciaTrabalho de uma força constante em módulo, direção e sentidoConservação da energia mecânica Movimento sob a ação de forças conservativasMovimento sob a ação de forças centrais conservativasDiscussão de curvas de energia potencialForças não-conservativas 6. Dinâmica de um sistema de partículas.Centro de massaMovimento do centro de massa de um sistema de partículasMassa reduzidaMomento linear de um sistema de partículasEnergia cinética de um sistema de partículasConservação da energia de um sistema de partículasColisões 7. Dinâmica de um corpo rígido.TorqueComposição de forças aplicadas a um corpo rígidoEstática. Equilíbrio de um corpo rígidoMomento angular de um corpo rígidoCálculo do momento de inérciaEquação de movimento para a rotação de um corpo rígidoEnergia cinética de rotação"
22810;57593;MÓDULO;ECT2304;INTRODUÇÃO À FÍSICA CLÁSSICA II;ESCOLA DE CIÊNCIAS E TECNOLOGIA;Fluidos. Movimento oscilatório. Temperatura e calorimetria. Primeira lei da termodinâmica. Segunda lei datermodinâmica e entropia. Teoria cinética dos gases. Ondas Mecânicas.;;1) Desenvolver uma visão crítica na elaboração e resolução de problemas em termodinâmica, fluidos, oscilações e ondas.2) Dominar ferramentas matemáticas e aplicá-las à solução de problemas em termodinâmica, fluidos, oscilações e ondas.3) Estabelecer vínculos interdisciplinares a serem aplicados em problemas e situações práticas que visam a formação de bacharel em Ciências e Tecnologia.;1. Fluidos.O que é um fluido?Massa específica e pressãoPrincípio de PascalPrincípio de ArquimedesFluidos ideais em movimentoEquação da continuidadeEquação de Bernoulli2. Movimento oscilatório.Cinemática do movimento harmônico simplesForça e energia no movimento harmônico simplesDinâmica do movimento harmônico simplesPêndulo simplesPêndulo compostoSuperposição de movimentos harmônicos simples Oscilações amortecidas Oscilações forçadas. Ressonância3. Temperatura e calorimetria. Lei zeroTermômetros a gásEscalas de temperatura4.Calor e energia.Expansão térmicaTemperatura e calorAbsorção de calorCalor e trabalhoA Primeira Lei da Termodinâmica5.Entropia. Processos irreversíveisVariação da entropiaA Segunda Lei da TermodinâmicaMotoresRefrigeradoresEntropia estatística6.Teoria Cinética dos Gases. Número de AvogadroGases ideaisTrabalho de gases ideaisVelocidade média quadráticaEnergia cinética de translaçãoEnergia internaCalores específicos molares de gases ideaisExpansão adiabática de um gás ideal7.Ondas Mecânicas.Tipos de ondasOndas transversais e longitudinaisComprimento de onda, freqüência, amplitude e faseNúmero de onda, período e freqüência angularVelocidade de uma onda progressivaVelocidade de onda em uma cordaSuperposição de ondasInterferência de ondasOndas estacionáriasOndas sonorasVelocidade de ondas sonorasInterferênciaIntensidade e nível sonoroBatimentosEfeito DopplerOndas de choque
22811;57594;MÓDULO;ECT2402;INTRODUÇÃO À FÍSICA CLÁSSICA III;ESCOLA DE CIÊNCIAS E TECNOLOGIA;Carga elétrica. Força elétrica. Campo elétrico. Lei de Gauss. Potencial elétrico. Capacitor e dielétrico. Circuitos decorrente-contínua. Campo Magnético. Propriedades magnéticas dos materiais. Indução eletromagnética. Correntesalternadas. Equações de Maxwell e a natureza da propagação da luz.;;1) Desenvolver uma visão crítica na elaboração e resolução de problemas do eletromagnetismo.2) Dominar ferramentas matemáticas e aplicá-las à solução de problemas do eletromagnetismo.3) Estabelecer vínculos interdisciplinares a serem aplicados em problemas e situações práticas que visam a formação de bacharel em Ciências e Tecnologia.;"1. Carga elétrica. Força elétrica. Conservação e quantização da carga elétrica2. Lei de Coulomb: definição e comparação com a lei da gravitação universal3. Campo elétrico. Linhas de campo elétricoCálculo do campo elétrico: simetria cilíndrica, simetria esférica e simetria plana 4. Lei de GaussLei de Gauss e a lei de CoulombFluxo do campo elétrico.Aplicações da lei de Gauss em simetrias: cilíndricas, esféricas e planas.5. Potencial elétrico. Energia potencial elétrica: definição e comparação com a energia potencial gravitacional.Superfícies equipotenciais.Cálculo do potencial elétrico de: carga pontual, distribuições discretas e contínuas de cargas.6. Capacitor e dielétrico.Lei de Gauss em dielétricosCapacitância e calculo da capacitância.Energia armazenada em um campo elétrico.Associação de capacitores7. Circuitos de corrente-contínua. Corrente elétricaDensidade de corrente.Resistência e lei de Ohm.Potência em circuitos elétricos.Circuitos: Trabalho energia, força eletromotriz e lei de Kirchoff, circuito RC. 8. Campo MagnéticoForça de Lorentz Campo e corrente elétrica.Força entre correntes paralelas.Lei de AmpèreAplicações da lei de Ampère: Solenóides e Toróides.Propriedades magnéticas dos materiais. Magnetismo terrestre.9. Materiais magnéticosDiamagnetismoParamagnetismo,Ferromagnetismo.10. Indução eletromagnética. Lei de Faraday e lei de lenzCampos elétricos induzidosIndutores e indutância.11. Circuitos elétricosCircuito RL Correntes alternadas.Circuitos LCCircuitos RLC: Oscilações amortecidas.Corrente AlternadaPotencia e Transformador12. Equações de MaxwellEquações de Maxwell e a natureza da propagação da luz. Equações de Maxwell e Corrente de deslocamento.Equação da onda eletromagnética; forma integral e forma vetorial.Equações de Maxwell e a luz."
22812;57595;MÓDULO;ECT2307;FÍSICA EXPERIMENTAL I;ESCOLA DE CIÊNCIAS E TECNOLOGIA;Medições e unidades. Cinemática. Dinâmica de uma partícula. Trabalho e energia. Energia potencial. Dinâmica deum sistema de partículas. Cinemática e dinâmica rotacionais. Momento de inércia. Torque e momento angular.;;"1) Compreender e implementar experimentos de Mecânica Clássica;2) Desenvolver uma visão crítica acerca dos conceitos físicos e estatísticos envolvidos na obtenção de dados experimentais;3) Compreender técnicas matemáticas e computacionais de análise e interpretação de dados experimentais;4) Estabelecer vínculos interdisciplinares a serem aplicados em problemas e situações práticas que visam a formação de bacharel em Ciências e Tecnologia.";1. Medidas e incertezas na aquisição de dados. 2. Tratamento estatístico para interpretação de dados.3. Gráficos lineares, log-log, mono-log e regressão linear.4. Experimentos relacionados aos conceitos da cinemática unidimensional e bidimensional5. Experimentos relacionados à dinâmica de uma partícula: Leis de Newton6. Experimento envolvendo leis de conservação de energia mecânica, momento linear e momento angular7. Experimento envolvendo a cinemática e a dinâmica de corpos rígidos
22813;57596;MÓDULO;ECT2403;FÍSICA EXPERIMENTAL II;ESCOLA DE CIÊNCIAS E TECNOLOGIA;Fluidos. Movimento oscilatório. Temperatura e calorimetria. Primeira lei da termodinâmica. Segunda lei datermodinâmica e entropia. Teoria cinética dos gases. Ondas Mecânicas. Carga elétrica. Força elétrica. Campo elétrico.Lei de Gauss. Potencial elétrico. Capacitor e dielétrico. Circuitos de corrente-contínua. Campo Magnético.Propriedades magnéticas dos materiais. Indução eletromagnética. Correntes alternadas. Equações de Maxwell e anatureza da propagação da luz.;;"1) Compreender e implementar experimentos de Termodinâmica, Mecânica dos Fluidos, Oscilações, Ondas e Eletromagnetismo;2) Desenvolver uma visão crítica acerca dos conceitos físicos e estatísticos envolvidos na obtenção de dados experimentais;3) Compreender técnicas matemáticas e computacionais de análise e interpretação de dados experimentais;4) Estabelecer vínculos interdisciplinares a serem aplicados em problemas e situações práticas que visam a formação de bacharel em Ciências e Tecnologia.";"1. Experimentos em Termodinâmica, envolvendo os seguintes conceitos: Leis da Termodinâmica; Calor, trabalho e energia interna; variáveis de estado; gases ideais; processos termodinâmicos; teoria cinética dos gases.2. Experimentos em Mecânica dos fluidos, abordando fenômenos da hidrostática, hidrodinâmica (em nível introdutório); equação de Bernoulli.3. Experimentos com oscilações, explorando a Lei de Hooke, oscilações harmônicas e amortecidas; ressonância.4. Experimentos com ondas mecânicas, envolvendo: equação da onda, ondas harmônicas, ondas estacionárias. interferência, reflexão, refração e difração e efeito Doppler.5. Experimentos do Eletromagnetismo, envolvendo os conceitos de campo elétrico, campo magnético, leis do eletromagnetismo e circuitos elétricos."
22814;57597;MÓDULO;ECT2203;LÓGICA DE PROGRAMAÇÃO;ESCOLA DE CIÊNCIAS E TECNOLOGIA;História e funcionamento de sistemas computacionais. Representação da informação (Binário, Decimal,Hexadecimal). Raciocínio lógico. Introdução ao conceito de algoritmo (variáveis, operações de Entrada e Saída,operações aritméticas). Operadores lógicos. Estruturas de Decisão. Estruturas de Repetição (Condicional e Contada).Estruturas avançadas de algoritmos (Vetores). Desenvolvimento de algoritmos para solução de problemasmatemáticos.;;Proporcionar ao aluno uma metodologia estrutura para análise de problemas e formulação de soluções computacionais em português estruturado.;1. Introdução1.1. Histórico de gerações dos computadores1.2. Arquitetura de Von Neumann1.3. Representação da informação em computadores1.4. Definição de Algoritmos e Lógica de Programação1.5. Formas de representação de Algoritmos1.6. Formato de um algoritmo em pseudocódigo1.7 Tipos de Algoritmos2. Expressões e Operadores2.1. Operadores Aritméticos2.2. Expressões aritméticas2.3. Operadores lógicos e relacionais2.4. Expressões lógicas2.5. Precedência dos operadores2.6. Tipos de dados3. Estruturas de decisão3.1. Tomada de decisão simples3.2. Tomada de decisão composta3.3. Tomada de decisão encadeada3.4. Tomada de decisão aninhada4. Estruturas de repetição4.1. Repetição com variável de controle (contada)4.2. Repetição condicional com teste no início4.3. Repetição condicional com teste no final5. Tipos de dados avançados5.1. Vetores5.2. Matrizes6. Modularização de algoritmos6.1. Motivações6.1. Procedimentos6.2. Funções
22815;57598;MÓDULO;ECT2303;LINGUAGEM DE PROGRAMAÇÃO;ESCOLA DE CIÊNCIAS E TECNOLOGIA;Introdução à Linguagem C++. Operadores e Expressões. Comandos de Entrada e Saída. Comandos de Decisão.Comandos de Repetição. Matrizes unidimensionais e bidimensionais. Tipos Estruturados de Dados. Funções.Recursividade.;;Tornar o aluno apto a utilizar linguagens de programação de alto nível para implementar soluções computacionais a problemas provenientes das diversas áreas das engenharias e das ciências.;1. Introdução a Linguagens de Programação1.1. Motivação 1.2. Classificação das Linguagens de Programação1.3. Estrutura de um programa em C++1.4. Compilando o programa Hello World em C++1.5. Boas Práticas de Programação2. Variáveis e Expressões em C++2.1. Tipos de Dados2.2. Variáveis e Constantes2.3. Operadores2.4. Expressões2.5. Comandos de entrada e saída 3. Comandos de Controle de Fluxo3.1. Seleção3.2. Iteração3.3. Desvio3.4. Blocos de comandos4. Funções4.1. Forma Geral de uma Função4.2. Parâmetros de Funções4.3. Passagem de Parâmetros4.4. Recursão5. Vetores e Matrizes5.1. Vetores (Matrizes Unidimensionais)5.2. Cadeias de Caracteres (Strings)5.3. Matrizes5.4. Funções e Matrizes6. Tipos Estruturados6.1. Registros6.2. Enumerações6.3. Matrizes e Registros6.4. Funções e Registros7. Programação Modular7.1. Motivação7.2. Conceito de Módulo7.3. Exemplos e Biblioteca Padrão
22816;57599;MÓDULO;ECT2401;COMPUTAÇÃO NUMÉRICA;ESCOLA DE CIÊNCIAS E TECNOLOGIA;"Representação em ponto flutuante; análise e propagação de erros; resolução de equações transcendentais; soluçãode sistemas de equações lineares; métodos de interpolação e aproximação de curvas; integração numérica; soluçãode equações diferenciais ordinárias e de sistemas de equações diferenciais ordinárias.";;Tornar o aluno apto a utilizar ferramentas computacionais para solucionar problemas matemáticos provenientes da modelagem de fenômenos das diversas áreas das ciências, além de ser capaz de implementar computacionalmente essas soluções usando linguagem de programação de alto nível.;"Representação em ponto flutuante; análise e propagação de erros; resolução de equações transcendentais; solução de sistemas de equações lineares; métodos de interpolação e aproximação de curvas; integração numérica; solução de equações diferenciais ordinárias e de sistemas de equações diferenciais ordinárias."
22817;57600;MÓDULO;ECT2104;QUÍMICA GERAL;ESCOLA DE CIÊNCIAS E TECNOLOGIA;Estrutura Atômica. Periodicidade Química. Ligações Químicas. Estequiometria. Energia Química e Eletroquímica.Funções Orgânicas.;;"A totalização da carga horária neste módulo implicará na formação sólida do egresso nos seguintes aspectos:a) Composição química e de como as unidades que constituem as substâncias estão arranjadas e como interagem entre si, determinando o elenco de propriedades que se manifestam macroscopicamente;b) Estrutura atômica e sua relação com as tecnologias modernas.c) Energia química e suas transformações, e o emprego das relações químicas quantitativas objetivando maior rentabilidade energética.d) Conceitos sobre comportamento químico de materiais, com ênfase para substâncias como polímeros, combustíveis e lubrificantes, dentre outras, e sua utilização de forma sustentável, principalmente do ponto de vista ambiental. e) O papel da química como ciência fundamental e aplicada nas diversas áreas de conhecimento e no cotidiano, valorizando os princípios químicos de estrutura e ligação que suportam a ciência dos materiais.";1. Estrutura Atômica1.1. Conceitos fundamentais do átomo1.2. Número atômico e número de massa1.3. Isótopos1.4. Símbolos atômicos1.5. Massas atômicas1.6. Aula experimental2. Periodicidade2.1. Configurações eletrônicas2.2. Tendências periódicas nas propriedades atômicas2.3. Tendências periódicas nas propriedades atômicas2.4. Tamanho atômico2.5. Energia de ionização2.6. Afinidade eletrônica2.7. Aula experimental3. Ligações químicas3.1. Ligações iônicas3.2. Ligações covalentes3.3. Forças e comprimentos das ligações3.4. Eletronegatividade e polaridade da ligação3.5. Ligações metálicas3.6. Aula experimental4. Estequiometria4.1. Equação química balanceada4.2. Reagentes limitantes4.3. Rendimentos teóricos e percentuais4.4. Aula experimental5. Energia Química e Eletroquímica5.1. Definindo energia5.2. Transformação e conservação de energia5.3. Capacidade calorífica e calorimetria5.4. Entalpia5.5. Lei Hess e calores de reação5.6. Energia e estequiometria5.7. Aula experimental6. Funções orgânicas6.1. Hidrocarbonetos6.2. Aromáticos6.3. Funções oxigenadas6.4. Funções nitrogenadas6.5. Funções carboniladas6.6. Polímeros6.7. Aula experimental
22819;57602;MÓDULO;ECT2105;PRÁTICAS DE LEITURA E ESCRITA I;ESCOLA DE CIÊNCIAS E TECNOLOGIA;Escrita como tecnologia e prática social. Leitura como processo de semiotização. Informações implícitas e processosde inferenciação. Noções de gênero discursivo. Mecanismos de coesão. Fatores de coerência. Progressão discursiva.Segmentação textual e paragrafação. Noções de escrita e reescrita.;;Desenvolver e aprimorar competências de leitura e produção de textos escritos.;1. Fundamentos gerais para leitura e escrita1.1. Leitura e escrita como (inter)ação social.1.2. Informações implícitas e processos de inferenciação.1.3. Noções de gênero discursivo e de sequências textuais.2. Gêneros discursivos2.1. Perfil acadêmico.2.2. Curriculum vitae.2.3. Carta de apresentação.3. Organização do texto3.1. Fatores de coerência e mecanismos de coesão textual.3.2. Progressão discursiva.3.3. Segmentação textual e paragrafação.4. Noções de reescrita.5. Aspectos da norma culta escrita.
22820;57603;MÓDULO;ECT2205;PRÁTICAS DE LEITURA E ESCRITA II;ESCOLA DE CIÊNCIAS E TECNOLOGIA;Práticas de leitura e escrita na área de ciências tecnológicas e exatas, concentrando-se nos processos deargumentação. Foco nos gêneros discursivos artigo de opinião e carta argumentativa em seus aspectos enunciativopragmáticos(subjetividade, viés temático, gerenciamento de vozes), bem como nos procedimentos de textualizaçãoe codificação léxico-gramaticais. Ênfase nos processos de escrita e reescrita.;;Desenvolver e aprimorar competências de leitura e escrita de textos argumentativos.;1. O discurso argumentativo: noções fundamentais  1.1. Elementos centrais do texto argumentativo. 1.2. Estratégias de argumentação. 1.3. Problemas de argumentação.2. Gêneros argumentativos: artigo de opinião, carta argumentativa, debate. 2.1. Aspectos enunciativo-pragmáticos do texto argumentativo. 2.1.1. Subjetividade e viés temático. 2.1.2. Modos de citação do discurso alheio e responsabilidade enunciativa. 2.2. Textualização e recursos léxico-gramaticais.3. Processos de escrita e reescrita.
22821;57604;MÓDULO;ECT2305;PRÁTICA DE LEITURA EM INGLÊS;ESCOLA DE CIÊNCIAS E TECNOLOGIA;Introdução a estratégias de leitura em língua estrangeira e prática de leitura de textos em língua inglesa, emgêneros discursivos variados, com ênfase na área de Ciências & Tecnologia.;;1. Desenvolver as capacidades de leitura, interpretação e reflexão crítica utilizando textos de diferentes gêneros discursivos em Língua Inglesa na área de Ciências e Tecnologia.2. Conhecer e aplicar diferentes estratégias de leitura.;1. Fundamentos gerais para leitura1.1. Língua inglesa como meio de divulgação de conhecimentos na área de Ciências e Tecnologia. 1.2. Leitura como processo de semiotização.1.3. Principais estratégias de leitura em Língua Inglesa.1.4. Noções de gênero discursivo: estrutura organizacional, relações temáticas e estilo.1.5. Uso eficiente do dicionário e de tradutores eletrônicos.1.6. Formação de palavras.2. Organização do texto2.1. Noções básicas de estrutura da Língua Inglesa. 2.2. Uso de conectivos (linking words).2.3. Mecanismos de coesão e fatores de coerência.2.4. Tópico frasal e organização do parágrafo.2.5. Progressão discursiva.
22822;57605;MÓDULO;ECT2106;CIÊNCIA, TECNOLOGIA E SOCIEDADE;ESCOLA DE CIÊNCIAS E TECNOLOGIA;Concepções de ciência. História e Filosofia da Ciência e da Tecnologia. Dimensões da tecnologia. Cultura eSociedade. Ciência-Tecnologia-Sociedade. Ética e Cidadania. Política científica e tecnológica.;;Analisar criticamente as relações entre a ciência, a tecnologia e a sociedade como enfoque introdutório aos estudos de CTS, considerando suas implicações filosóficas, históricas, sociológicas, políticas e culturais.;I MÓDULO: O QUE É CIÊNCIA1.1 As diferentes concepções da ciência.1.2 O problema da neutralidade científica.II MÓDULO: O QUE É TECNOLOGIA2.1 O problema do determinismo tecnológico.2.2 As dimensões filosóficas e sociais da tecnologia.2.3 A visão do construtivismo social.III MÓDULO: AS RELAÇÕES ENTRE CTS3.1 O significado de sociedade e cultura.3.2 A sociedade e seus entornos tecnológicos.3.3 Modelos de avaliação e participação pública em CT.3.4 Política científica e tecnológica e participação pública.3.5 Alfabetização científica e tecnológica.
22823;57606;MÓDULO;ECT2206;GESTÃO E ECONOMIA DA CIÊNCIA, TECNOLOGIA E INOVAÇÃO;ESCOLA DE CIÊNCIAS E TECNOLOGIA;Introdução à Microeconomia. Introdução à Macroeconomia. Introdução à Administração. Economia,Desenvolvimento e Inovação.;;O objetivo desta disciplina é apresentar e discutir os conceitos básicos de teoria econômica, no que diz respeito à micro e macroeconomia. Conceitos básicos de gestão também serão apresentados na componente curricular. Em um segundo momento, será apresentado um arcabouço de conceitos e teorias sobre desenvolvimento econômico baseado no progresso técnico, relação entre evolução econômica e a importância da inovação.;1  Introdução à Microeconomia2  Introdução à Macroeconomia3  Introdução à Gestão 4 - Economia Política da Ciência e Tecnologia 5 - Inovação, Progresso Técnico e Crescimento Econômico6  Teorias do Desenvolvimento Econômico e Políticas no Brasil7  Políticas de Catching Up Tecnológico e Janelas de oportunidades.
22824;57607;MÓDULO;ECT2306;MEIO AMBIENTE E DESENVOLVIMENTO URBANO;ESCOLA DE CIÊNCIAS E TECNOLOGIA;As cidades e a crise ambiental. Políticas e instrumentos do planejamento urbano. Ciências do ambientecontextualizado nos problemas contemporâneos de contaminação e poluição. Energia. Convenções e acordosinternacionais em meio ambiente. Marco institucional e regulatório da proteção e gestão do meio ambiente noBrasil.;;Trabalhar quanto à relação dos conhecimentos sob os aspectos das diferentes combinações entre as reciclagens dos recursos naturais e às atividades humanas destacando seus impactos, assim como sobre as possibilidades de reestruturação e reorganização dos sistemas urbanos visando o desenvolvimento articulado com as dimensões social, econômica, ambiental, cultural, espacial e política. Nesse contexto inserem-se aspectos como: as cidades e suas transformações, ciências do ambiente contextualizados nos problemas contemporâneos de contaminação e poluição, políticas e instrumentos do planejamento urbano, questões energéticas, convenções e acordos Internacionais e marco institucional e regulatório da proteção e gestão do meio ambiente no Brasil.;"1. As cidades e a crise ambiental: As Cidades e suas Transformações; Problemas e desafios das aglomerações urbanas; Indicadores Demográficos, Econômicos e Ambientais.2. As Políticas e Instrumentos do Planejamento Urbano: Estatuto da Cidade, Plano diretor, Planos setoriais.3. Ciências do ambiente contextualizadas nos problemas contemporâneos de contaminação e poluição: Fundamentos científicos, Contexto histórico; contaminação e poluição da água; estudos de caso.4. Energia: Histórico do uso das Fontes de Energia; Aproveitamento, Economia e Eficiência Energética; Matriz Energética Global e Economia do Petróleo; Desenvolvimento de Fontes Alternativas: biocombustíveis, energia eólica e solar; Matriz Energética Brasileira.5. Convenções e Acordos Internacionais: Conferência de Estocolmo (1972) e Relatório Brundtland (1986); Agenda 21 (1992); Convenção da Mudança do Clima; O Protocolo de Quioto - Mecanismo de Desenvolvimento Limpo; Rio + Dez (2002); Convenção da Biodiversidade; Convenção de Combate à Desertificação; outras Convenções.6. Marco Institucional e Regulatório da Proteção e Gestão do Meio Ambiente no Brasil: Legislação e Arcabouço Institucional Ambiental; Legislação e Arcabouço Institucional dos Recursos Hídricos; outras Políticas setoriais ambientais."
22838;57621;MÓDULO;ECT2500;INTRODUÇÃO ÀS ENGENHARIAS;ESCOLA DE CIÊNCIAS E TECNOLOGIA;Natureza e formação do Engenheiro. Noções gerais sobre Ciência e Tecnologia. Fundamentos Metodológicos deEngenharia. Origem e Evolução da Engenharia. A Engenharia Brasileira. Atribuições Profissionais e Perspectivas doMercado de Trabalho.;;Fornecer informações para o estudante sobre conceitos básicos comuns a todos os cursos de engenharia. Compreender o papel técnico e ético do engenheiro na sociedade. Conhecer o perfil e o mercado de trabalho do engenheiro. Estimular a reflexão sobre temas diversos relacionados aos cursos de engenharia de segundo ciclo da UFRN, visando despertar o estudante para um correto exercício profissional.;1 - Origem e Evolução da Engenharia: Evolução histórica da engenharia. Engenharia antiga versus engenharia moderna. Nascimento da engenharia como profissão. Criação das primeiras escolas. A engenharia brasileira. 2- Natureza e formação do Engenheiro: Competências, habilidades e perfil do engenheiro. Processo de formação do engenheiro. Atribuições profissionais e perspectivas do mercado de trabalho. 3 - Fundamentos Metodológicos de Engenharia: Criatividade. Modelos e simulação. Otimização. Projetos. 4 - As Engenharias: Áreas de atuação profissional. Projetos pedagógicos e estruturas curriculares dos cursos de engenharia de segundo ciclo da UFRN.
22840;57623;MÓDULO;ECT2302;METODOLOGIA CIENTÍFICA E TECNOLÓGICA;ESCOLA DE CIÊNCIAS E TECNOLOGIA;"Natureza da ciência; Fundamentos da Metodologia Científica; Métodos e técnicas de pesquisa; Características etipos de pesquisa; O que é um projeto de pesquisa e/ou inovação tecnológica; Pré-projeto de pesquisa; Projeto dePesquisa; Experimento; Pesquisa Bibliográfica; Teoria, Hipóteses e Variáveis; Planejamento e Execução de Pesquisas,Amostragens e Técnicas de Pesquisa, Elaboração, análise e interpretação de dados; Como elaborar trabalhos depesquisa e organização de texto científico (Normas ABNT); Metodologia Científica e universidade; Transformandopesquisas em negócios: Lean Startup e Canvas.";;São objetivos do componente apresentar as principais metodologias de desenvolvimento científico com ênfase nos métodos quantitativos, elaboração e gestão de projetos para ciência aplicada e as modernas formas de conversão de tecnologias em produtos e inovações.;1. Introdução e Conceitos Fundamentais 1.1. Natureza da Ciência1.2. Fundamentos da Metodologia Científica1.3. Características e Tipos de Pesquisa 1.4. Ciência Aplicada1.5. Características e Tipos de Desenvolvimento Tecnológico1.6. Inovações1.7. Características e Tipos de Inovações2. Pesquisa e Desenvolvimento Científico2.1. Breve História da Pesquisa e Desenvolvimento2.2. Métodos e Técnicas de Pesquisa2.3. Metodologias Qualitativas2.4. Metodologias Quantitativas2.5. Outras metodologias2.6. Elaboração de Projetos de Pesquisa2.7. Divulgação Científica3. Projetos de Desenvolvimento Tecnológicos3.1. História e Problemática da Ciência Aplicada3.2. A Transformação de Ciência em Tecnologias3.3. Estrutura dos Projetos de Desenvolvimento Tecnológicos3.4. Projetos Cooperados Universidade-Indústrias3.5. Destino das Tecnologias: Transferência e Spin Offs 4. Construção de Negócios Tecnológicos4.1. História da Inovação4.2. Empreendedorismo Tecnológico4.3. Plano de Negóciose Lean Startup4.4. MVP e Protótipos4.5. Validação de Ideias4.6. Principais Editais e Competições
22841;57624;MÓDULO;ECT2411;CIÊNCIA E TECNOLOGIA DOS MATERIAIS;ESCOLA DE CIÊNCIAS E TECNOLOGIA;Introdução a Ciência e Tecnologia dos Materiais. Estrutura dos Materiais: arranjos atômicos, iônicos e moleculares.Fundamentos de cristalografia (planos e direções cristalográficas). Imperfeições em sólidos cristalinos. Difusão emsólidos. Diagrama de fases. Materiais compósitos e nanoestruturados. Propriedades dos materiais: mecânicas,térmicas, elétricas, óticas e magnéticas. Seleção de Materiais.;;Conceituar Ciência e Tecnologia dos Materiais.Classificar materiais quanto à sua natureza, propriedades e aplicações.Mostrar através de noções básicas, que os materiais apresentam umaformação microestrutural e/ou nanoestrutural característica.Mostrar que os materiais não são perfeitos.Apresentar ao aluno as correlações existentes entre estrutura,imperfeições e as propriedades dos materiais.Apresentar conceitos básicos sobre seleção de materiais em função de suaspropriedades e das funções a serem desempenhadas. ;"I. Introdução a Ciência e Tecnologia dos Materiais1.Ciência x Tecnologia2.O papel dos materiais na sociedade tecnológica: Historia e evolução3.Principais classes de materiais e suas características: metais,cerâmicas, polímeros, compósitos, biomateriais, etc.II. Estrutura dos Materiais: arranjos atômicos e iônicos1.Ordem de curto alcance x ordem de longo alcance.2.Sólidos não cristalinos: materiais amorfos3.Materiais mono e policristalinos4.Anisotropia5.Arranjos atômicos em sólidos: conceitos de motivo e sua repetição; Oretículo tridimensional; cela unitária; Sistemas e Redes de Bravais6.Estrutura cristalina dos materiais metálicos7.Estrutura cristalina dos materiais iônicos8.Estruturas covalentes9.Alotropia e PolimorfismoIII. Fundamentos de cristalografia1.Pontos, direções e planos cristalográficos2.Interstícios3.Direções e planos cristalográficos para o sistema Hexagonal4.Densidade atômica: linear e planar5.Empacotamento atômico: direções e planos de alta densidade6.Analise de estruturas cristalinas: Difração de Raios-XIV. Imperfeições em sólidos cristalinos1.Defeitos pontuais2.Defeitos lineares (discordâncias)3.Movimentos de discordâncias4.Defeitos planares5.Defeitos volumétricosV. Difusão em sólidos1.Mecanismos de difusão2.Difusão em regime estacionário3. Difusão em regime não-estacionário4.Fatores que influenciam a difusãoVI. Diagrama de fases1.Introdução2.Limite de solubilidade3.Fases4.Microestrutura5.Equilíbrio de fases6.Sistema binário isomorfo7.Interpretação de diagramas de fasesVII. Materiais compósitos e nanoestruturados1.Relações sinérgicas2.Materiais reforçados com fibras3.Materiais laminares4.Produção e aplicações de materiais compósitos5.Estrutura, propriedades e aplicações de materiais nanoestruturados6.Nanotubos de carbono, Peneiras moleculares, MOFs, óxidos nanometricos7.Compósitos envolvendo materiais nanoestruturadosVIII. Propriedades dos materiais1.Propriedades mecânicas2.Propriedades térmicas3.Propriedades elétricas4.Propriedades magnéticas5.Propriedades ópticasIX. Seleção de materiais1.Introdução, critérios de seleção de materiais2.Propriedades dos materiais e mapas de seleção de materiais3.Estudo de casos "
22842;57625;MÓDULO;ECT2413;MECÂNICA DOS FLUIDOS;ESCOLA DE CIÊNCIAS E TECNOLOGIA;Definicão de Fluido. Hipótese do Contínuo. Propriedades dos Fluidos. Escalares, Vetores e Tensores. Tensor e Tensão. Tensão superficial e Capilaridade.Deformação e Viscosidade. Fluidos Newtonianos e Não-Newtonianos. Estática dos Fluidos. Cinemática dos Fluidos. Abordagem Integral para problemas de escoamento. Abordagem Diferencial para problemas de escoamento. Escoamentos Invíscidos. Equação de Bernoulli. Análise Dimensional e Semelhança. Escoamento Interno e Perda de Carga. Escoamento Externo.;;São objetivos do curso apresentar e aplicar os conceitos fundamentais da mecânica dos fluidos, incluindo estática dos fluidos e dinâmica dos fluidos.;1. Introdução e Conceitos Fundamentais 1.1. Escopo da mecânica dos fluidos1.2. Definição de fluido1.3. Equações básicas 1.4. Métodos de análise1.4.1. Sistema e volume de controle1.4.2. Enfoque diferencial e enfoque integral1.4.3. Métodos de descrição Lagrangeano e Euleriano1.5. Dimensões e sistemas de unidades1.6. O fluido como um contínuo1.7. Escoamentos uni, bi e tridimensionais1.8. Trajetórias e linhas de corrente1.9. Tensão de cisalhamento1.10. Campo de tensões1.11. Viscosidade1.12. Tensão superficial1.13. Descrição e classificação dos movimentos de fluidos1.13.1.Fluidos viscosos e Não-viscosos1.13.2.Escoamentos Laminar e Turbulento1.13.3.Escoamentos Compressível e Incompressível1.13.4.Escoamento Interno e Externo2. Estática dos Fluidos2.1. Lei básica da estática2.2. Teorema de Stevin2.3. Teorema de Pascal2.4. Escalas de pressão2.5. Unidades de pressão2.6. Medidores de pressão2.7. Equação manométrica2.8. Forças Hidrostáticas Sobre Superfícies Submersas2.9. Empuxo e estabilidade3. Equações Básicas na Forma Integral para um volume de Controle3.1. Leis básicas para um sistema3.2. Teorema do transporte de Reynolds3.3. Conservação da massa3.4. Conservação da quantidade de movimento linear para um volume de controle inercial3.4.1. Volume de controle movendo-se a velocidade constante3.5. A primeira lei da termodinâmica3.6. Conservação da quantidade de movimento angular 4. Introdução à Análise Diferencial dos Escoamentos4.1. Conservação da massa4.2. Função de corrente para escoamento incompressível bidimensional4.3. Movimento de um elemento fluido: aceleração, rotação, deformação4.4. Equação da quantidade de movimento4.4.1. Escoamento invíscido: Equação de Euler4.4.2. Equações de Navier-Stokes5. Escoamento Incompressível de Fluidos Não-Viscosos5.1. Equação da quantidade de movimento para escoamento sem atrito: Equações de Euler5.2. Equações de Euler em coordenadas de linha de corrente5.3. Equação de Bernoulli5.4. Pressão Estática, de Estagnação e Dinâmica6. Análise Dimensional e Semelhança6.1. Teorema dos Pi de Buckingham6.2. Determinação dos grupos Pi 6.3. Grupo de adimensionais de importância na mecânica dos fluidos6.4. Semelhança e estudo de modelos7. Escoamento interno viscoso incompressível7.1. Escoamento laminar completamente desenvolvido7.1.1. Escoamento laminar completamente desenvolvido entre placas 7.1.2. Escoamento laminar completamente desenvolvido em um tubo7.2. Escoamento em tubos e dutos7.2.1. Distribuição de tensão de cisalhamento no escoamento completamente 7.2.2. Perfis de velocidade em escoamentos turbulentos completamente 7.2.3. Cálculo da perda de carga8. Escoamento externo viscoso incompressível8.1. O conceito de camada limite8.2. Camada limite laminar de placa plana: Solução exata de Blasius paralelas infinitas desenvolvido em tubos desenvolvidos em tubos8.3. Métodos aproximados para se calcular a espessura da camada limite laminar e turbulenta8.4. Escoamento de fluidos ao redor de corpos submersos8.4.1. Arrasto8.4.2. Sustentação
22843;57626;MÓDULO;ECT2412;MECÂNICA DOS SÓLIDOS;ESCOLA DE CIÊNCIAS E TECNOLOGIA;Sistema de forças. Equilíbrio estático. Análise de estruturas. Forças distribuídas. Esforços internos em elementosestruturais. Momentos de inércia. Atrito. Propriedades mecânicas dos materiais.;;"Capacitar ao discente a: verificar o equilíbrio das estruturas; calcular reações de apoio em estruturas isostáticas; determinar as propriedades de áreas, tais como baricentros e momentos de inércia para diversas formas de figura empregando tabelas e/ou por de integração; determinar os diagramas de esforços internos em elementos estruturais; calcular tensões e deformações em elementos submetidos a solicitação axial.";O conteúdo do módulo é dividido em 6 capítulos, a saber: 1. Sistema de forças 1.1. Conceitos Básicos 1.2. Componentes Retangulares 1.3. Momento de uma força em relação a um ponto 1.4. Binário 1.5. Resultantes 2. Equilíbrio Estático 2.1. Condições de equilíbrio de um corpo 2.2. Diagrama de corpo livre (DCL) 2.3. Equilíbrio em duas dimensões 2.4 Equilíbrio em três dimensões 3. Forças distribuídas 3.1. Centro de gravidade, centro de massa e centróide de um corpo 3.2. Teorema de Pappus 3.3. Vigas: Efeitos Externos 3.4. Pressão Hidrostática em Superfícies Submersas 3.5. Cabos Flexíveis 4. Análise de Estruturas 4.1. Treliças Planas 4.2. Suportes e Máquinas 4.3. Treliças Espaciais 5. Esforços internos em elementos estruturais 5.1. Tipos esforços internos 5.2. Equações e Diagramas de Esforços internos 5.3. Relações entre carga distribuída, esforço cortante e momento fletor 6. Momentos de Inércia 6.1. Definições 6.2. Determinação de Momentos de Inércia por integração 6.3. Teorema dos eixos paralelos 6.4. Determinação de Momentos de Inércia de áreas compostas 6.5. Raio de giração de uma área e produto de inércia 6.6. Rotação de eixos 7. Atrito 7.1. Conceitos básicos 7.2. Aplicações 8. Propriedades Mecânicas dos Materiais 8.1. Tensão e Deformação 8.2. Diagrama Tensão-Deformação 8.3. Lei de Hooke 8.4. Coeficiente de Poisson 8.5. Coeficiente de Segurança ou Fator de Segurança 8.6. Tensões e Cargas Admissíveis 8.7. Problemas Hiperestáticos
22844;57627;MÓDULO;ECT2416;EXPRESSÃO GRÁFICA;ESCOLA DE CIÊNCIAS E TECNOLOGIA;Introdução ao Desenho Técnico (Normas ABNT, escrita normalizada, tipos e espessura de linhas, folhas paradesenho técnico, dobramento de folhas, legendas e escalas), Projeções Ortogonais (conceito de projeção, projeçãoplana, projeção paralela ortogonal em múltiplas vistas - projeções no 1º diedro e no 3º diedro , precedência delinhas, conceito de vistas necessárias, vistas auxiliares), introdução aos Cortes às seções e à Cotagem, Perspectivas(projeção ortogonal axonométrica, projeções oblíquas e projeções centrais), Introdução aos sistemas CAD(apresentação do conceito, evolução dos sistemas CAD, áreas de utilização, aplicação para desenho decomponentes).;;Propiciar aos discentes a Leitura e interpretação de desenho técnico, normas e convenções da ABNT, diedros, projeções ortogonais e vistas auxiliares, legendas e escalas, cotagem, cortes e perspectiva, bem como a aplicação de desenho técnico com o auxílio de um sistema CAD.;"1. Introdução ao desenho Técnico1.1. Normas e Convenções1.1.1. Formato de papel;1.1.2. Dobramento de cópia;1.1.3. Linhas;1.1.4. Escalas;1.2. Desenho à mão livre;1.2.1.  Técnicas;1.2.2.  Papel utilizado;2. Projeção ortogonal;2.1. Norma Americana;2.2. Norma Europeia;2.3. Vistas essenciais;2.4. Vistas auxiliares;3. Perspectivas;3.1. Axonométricas;3.2. Cavaleiras;4. Cotagem;4.1. Representação;4.1.1. Linhas de chamadas e linhas de cotas, símbolos e demais elementos de cotagem;5. Cortes;5.1. Corte Total;5.2. Meio Corte;5.3. Corte parcial;5.4. Corte com desvio;5.5. Seções;5.6. Hachuras, tipos e execução; 5.7. Introdução ao sistema CAD;5.7.1. Principais tipos de software de modelagens;5.7.2. Modelagens em sólidos, superfícies e em arame;5.7.3. Aplicação de sistema CAD em:5.7.3.1. Vistas essenciais e auxiliar;5.7.3.2. Perspectivas;5.7.3.3. Cotas;5.7.3.4. Cortes;"
24432;59594;DISCIPLINA;DCA1202;PROGRAMAÇAO AVANÇADA;DEPARTAMENTO DE ENGENHARIA DE COMPUTACAO E AUTOMACAO;Conceitos de paradigmas de programação. Padrões de projeto. Uso de ponteiros em linguagem C. Entrada e saída de dados. Conceitos de orientação a objetos: classes, exemplificação, encapsulamento, herança, hierarquia, classes abstratas, polimorfismo. Linguagens de programação orientada a objetos: sintaxe, sobrecarga de operadores, estruturas de controle, tratamento de exceções, streams, gabaritos, características avançadas. Prática de programação.;;- Conhecer as características principais dos paradigmas de programação mais importantes.- Desenvolver programas baseados no paradigma da programação orientada a objetos.;1. Principais paradigmas de programação* histórico.* tipos de linguagens.* comparação de linguagens.2. Revisão de programação estruturada (C)* Ponteiros* Arrays* Funções.3. Programação orientada a objetos* linguagem C++* abstração de dados* classes e objetos* sobrecarga de operadores e funções* herança e hierarquia* polimorfismo* classes abstratas* streams* interfaces* tratamento de excessões* gabaritos (templates)4. Introdução às estruturas de dados* vetores, pilhas, filas e listas* Biblioteca padrão de gabaritos (STL)5. Prática de programação* Desenvolvimento de programas, baseando-se em projetos
25148;60362;ATIVIDADE;BCT0002;ATIVIDADE COMPLEMENTAR;COORDENAÇÃO DO CURSO DE CIÊNCIAS E TECNOLOGIA;Atividade complementar de formação;;;
25743;61134;DISCIPLINA;ELE1622;INSTRUMENTAÇÃO INDUSTRIAL;DEPARTAMENTO DE ENGENHARIA ELÉTRICA;Medição: aspectos dinâmicos da medição para aplicação em sistemas de controle e automação. Ferramentas de estudo de erros de erros. Erros em instrumentos analógicos e digitais. Sistemas digitais de aquisição de dados, condicionamento de sinal, sample-hold, conversores A/D e D/A. Sensores: vazão, pressão, temperatura, nível, força, torque, velocidade, rotação e deslocamentos lineares e angulares, Unidades de Medida Inercial. Simbologia e nomenclatura de instrumentação. Diagrama de Processo e Instrumentação. Dispositivos de segurança: alarmes, válvulas de segurança, etc. Calibração de Sensores.;;Medição: aspectos dinâmicos da medição para aplicação em sistemas de controle e automação. Ferramentas de estudo de erros de erros. Erros em instrumentos analógicos e digitais. Sistemas digitais de aquisição de dados, condicionamento de sinal, sample-hold, conversores A/D e D/A. Sensores: vazão, pressão, temperatura, nível, força, torque, velocidade, rotação e deslocamentos lineares e angulares, Unidades de Medida Inercial. Simbologia e nomenclatura de instrumentação. Diagrama de Processo e Instrumentação. Dispositivos de segurança: alarmes, válvulas de segurança, etc. Calibração de Sensores.;Medição: aspectos dinâmicos da medição para aplicação em sistemas de controle e automação. Ferramentas de estudo de erros de erros. Erros em instrumentos analógicos e digitais. Sistemas digitais de aquisição de dados, condicionamento de sinal, sample-hold, conversores A/D e D/A. Sensores: vazão, pressão, temperatura, nível, força, torque, velocidade, rotação e deslocamentos lineares e angulares, Unidades de Medida Inercial. Simbologia e nomenclatura de instrumentação. Diagrama de Processo e Instrumentação. Dispositivos de segurança: alarmes, válvulas de segurança, etc. Calibração de Sensores.
25744;61135;DISCIPLINA;ELE1524;ACIONAMENTOS ELETRÔNICOS DE POTÊNCIA;DEPARTAMENTO DE ENGENHARIA ELÉTRICA;Introdução aos Sistemas de Acionamentos Elétricos. Dispositivos Eletrônicos de Potência. Conversores de Eletrônica de Potência de Modo Chaveado em Acionamentos elétricos. Circuitos Magnéticos e Princípios Básicos de Conversão Eletromecânica de Energia. Acionamento de Motores CC e de Motores Comutados Eletronicamente. Introdução às Máquinas CA e Vetores Espaciais. Acionamentos CA Senoidais de Imã Permanente, Acionamento de Motor Síncrono e Geradores Síncronos. Motores de Indução: Operação em Estado Estacionário, Balanceado e Senoidal. Acionamentos de Motor de Indução: Controle de Velocidade. Acionamento de Relutância: Acionamentos de Motores de Passo e Relutância Chaveada. Eficiência Energética de Acionamentos Elétricos e Interações Motor e Inversor.;;Identificar: Introdução aos Sistemas de Acionamentos Elétricos. Dispositivos Eletrônicos de Potência. Conversores de Eletrônica de Potência de Modo Chaveado em Acionamentos elétricos. Circuitos Magnéticos e Princípios Básicos de Conversão Eletromecânica de Energia. Acionamento de Motores CC e de Motores Comutados Eletronicamente. Introdução às Máquinas CA e Vetores Espaciais. Acionamentos CA Senoidais de Imã Permanente, Acionamento de Motor Síncrono e Geradores Síncronos. Motores de Indução: Operação em Estado Estacionário, Balanceado e Senoidal. Acionamentos de Motor de Indução: Controle de Velocidade. Acionamento de Relutância: Acionamentos de Motores de Passo e Relutância Chaveada. Eficiência Energética de Acionamentos Elétricos e Interações Motor e Inversor.Modalidade:	Presencial;Introdução aos Sistemas de Acionamentos Elétricos. Dispositivos Eletrônicos de Potência. Conversores de Eletrônica de Potência de Modo Chaveado em Acionamentos elétricos. Circuitos Magnéticos e Princípios Básicos de Conversão Eletromecânica de Energia. Acionamento de Motores CC e de Motores Comutados Eletronicamente. Introdução às Máquinas CA e Vetores Espaciais. Acionamentos CA Senoidais de Imã Permanente, Acionamento de Motor Síncrono e Geradores Síncronos. Motores de Indução: Operação em Estado Estacionário, Balanceado e Senoidal. Acionamentos de Motor de Indução: Controle de Velocidade. Acionamento de Relutância: Acionamentos de Motores de Passo e Relutância Chaveada. Eficiência Energética de Acionamentos Elétricos e Interações Motor e Inversor.Modalidade:	Presencial
25774;61166;DISCIPLINA;MEC1515;SISTEMAS HIDRÁULICOS E PNEUMÁTICOS;DEPARTAMENTO DE ENGENHARIA MECANICA;Introdução à hidráulica. Características gerais dos sistemas hidráulicos. Fluidos hidráulicos. Atuadores hidráulicos lineares e rotativos. Válvulas de controle hidráulico. Introdução à pneumática. Características dos sistemas pneumáticos. Geração de ar comprimido. Especificação de compressores. Distribuição de ar comprimido. Controles pneumáticos. Atuadores pneumáticos. Circuitos pneumáticos básicos. Comandos sequenciais. Dispositivos eletro-hidráulicos e eletropneumáticos.;;O Objetivo da disciplina MEC1515  Sistemas Hidráulicos e Pneumáticos é proporcionar o conhecimento de conceitos básicos para o desenvolvimento de projetos de automação envolvendo sistemas hidráulicos e pneumáticos. ;1.	Introdução à hidráulica. 2.	Características gerais dos sistemas hidráulicos. 3.	Fluidos hidráulicos. 4.	Atuadores hidráulicos lineares e rotativos. 5.	Válvulas de controle hidráulico. 6.	Introdução à pneumática. 7.	Características dos sistemas pneumáticos. 8.	Geração de ar comprimido. 9.	Especificação de compressores. 10.	Distribuição de ar comprimido. 11.	Controles pneumáticos. 12.	Atuadores pneumáticos. 13.	Circuitos pneumáticos básicos. 14.	Comandos sequenciais. 15.	Dispositivos eletro-hidráulicos e eletropneumáticos.
34962;2051005;MÓDULO;ECT2102;VETORES E GEOMETRIA ANALÍTICA;ESCOLA DE CIÊNCIAS E TECNOLOGIA;Matrizes e Determinantes. Sistemas Lineares. Vetores. Operações com Vetores. Retas e planos. Posições relativas. Cônicas.;;"&#8722; Apresentar métodos de resolução de sistemas de equações lineares e cálculo de determinantes de matrizes de ordem superior.&#8722; Introduzir a noção de vetores no plano e no espaço e suas operações.&#8722; Apresentar os conceitos de reta e plano e as diferentes equações usadas para representá-los. &#8722; Analisar as diversas formas de posicionar no espaço uma reta e um plano.&#8722; Identificar as diferentes cônicas através da análise de equações quadráticas.";"1. Matrizes e Sistemas Lineares1.1 Matrizes1.1.1 Tipos de matrizes.1.1.2 Operações com matrizes.1.2  Sistemas Lineares.1.2.1 Operações elementares.1.2.2 Eliminação gaussiana.1.2.3 Propriedades das operações com matrizes1.3 Matriz inversa.1.3.1 Matrizes elementares. Técnica de inversão de matrizes.1.3.2 Resolução de sistemas de equações.2. Determinantes2.1 Definição.2.2 Cálculo através de redução por linhas.2.3 Propriedades.2.4 Expansão em cofatores.2.5 Regra de Cramer.3. Vetores 3.1 Grandezas escalares e grandezas vetoriais3.2 Sistema de coordenadas cartesianas.3.2.1 Sistema de coordenadas cartesianas no plano e no espaço.3.2.2 Representação de ponto3.2.3 Regiões no espaço3.2.4 Equações de circunferência e esfera3.3 Vetores no espaço3.4 Cálculo de distâncias3.5 Norma de um vetor4. Operações com vetores.	4.1 Multiplicação de número real por vetor.		4.1.1 Formas geométrica e algébrica		4.1.2 Paralelismos entre vetores		4.1.3 Propriedades	4.2 Soma de ponto com vetor.		4.2.1 Formas geométrica e algébrica		4.2.2 Coordenadas do ponto médio	4.3 Adição de vetores.		4.3.1 Formas geométrica e algébrica		4.3.2 Propriedades		4.3.3 Aplicações	4.4 Produto escalar.		4.4.1 Formas geométrica e algébrica		4.4.2 Propriedades		4.4.3 Ângulos entre vetores.		4.4.4 Projeção ortogonal		4.4.5 Trabalho de uma força	4.5 Produto vetorial.		4.5.1 Formas geométrica e algébrica		4.5.2 Propriedades		4.5.3 Áreas de polígonos		4.5.4 Torque de uma força.	4.6 Produto Misto		4.6.1 Formas geométricas e algébricas		4.6.2 Propriedades		4.6.3 Volumes de poliedros		4.6.4 Coplanaridade de vetores	4.7 Duplo produto vetorial		4.7.1 Formas geométrica e algébrica		5. Retas e planos	5.1 Retas no plano e no espaço: equações vetorial, paramétricas e simétricas.	5.2 Planos: equação vetorial, paramétrica e geral.	5.3 Posições relativas:		5.3.1 Distância entre pontos, ponto e reta e ponto e plano		5.3.2 Disposição, ângulo e distância entre retas		5.3.3 Disposição, ângulo e distância entre retas e planos;		5.3.4 Disposição, ângulo e distância entre planos.6. Cônicas	6.1 Forma reduzida de elipse, hipérbole e parábola	6.2 Caso geral de cônicas	6.3 Classificação das cônicas"
